logistic_balanced,decision_tree_balanced,random_forest_balanced,xgboost_balanced,lightgbm_balanced,catboost_none,catboost_balanced
0.39385637218863684,0.4984281747534915,0.5620886631589099,0.5896331789639742,0.5872459951405478,0.6219669047610994,0.5517500100883759
0.3908164563283384,0.500990257170557,0.5648988151908058,0.5947027255217535,0.6004337777536314,0.6022473587681937,0.5638373827861836
0.38069426052629163,0.48097840387983853,0.5668331121678489,0.5959307279818185,0.6047162982296563,0.6175318209275459,0.5449478223911924
0.3762088095524787,0.4862012870969572,0.5522913112194925,0.5766318391965254,0.576349639380705,0.5896191290831136,0.5492701526160481
0.3970480266304448,0.4910847104545457,0.5713609584295383,0.5922974323032368,0.5938319977400516,0.5842130016634701,0.545745572790975
0.3801713108116216,0.4899071492884926,0.5664228639846964,0.5919921575098197,0.5851630179219236,0.6064779270171077,0.5389096009703735
0.392500876268306,0.476657815652824,0.5679753183032162,0.5863370851900802,0.5982816300594953,0.5975944807844682,0.5495457602360784
0.38666450661412216,0.503438011144864,0.5738372045035403,0.5959207773785817,0.6008030460062173,0.6167836951340788,0.5461672536270926
0.388188478261099,0.4843486116175681,0.5690646947170678,0.585117039279725,0.5871908421002499,0.6113987778182665,0.555440886144503
0.3834663053634132,0.4904956817222351,0.5590451785129636,0.5843541460225727,0.5830024437107216,0.5925944319912396,0.5396346020308189
0.3861521647719268,0.5333732289015362,0.5728255039802883,0.6014022148439498,0.608711093756173,0.6234138279210057,0.5770379757273247
0.393946591384815,0.5179491778366054,0.5597920188187455,0.5870419048770039,0.6013102510252605,0.6135189844763835,0.5436350169572539
0.3831779777546537,0.4815977913436016,0.541494953372277,0.5845891410292092,0.5877292970172467,0.5951768503305462,0.5324929229920342
0.3927329580489422,0.506070878422028,0.5626014933631933,0.5753234455257081,0.5884145145921672,0.5987670743560868,0.545597672782715
0.3866383371337478,0.5092037972132174,0.5625289843481861,0.585819041266517,0.584371536401507,0.5955321964849988,0.5389972769434792
0.38699073147816476,0.5008611193269925,0.5622309390207844,0.5734806610529437,0.5882320228144423,0.6047884135950882,0.5436251367016635
0.38269352469885554,0.5077888057295634,0.5640125029429044,0.5892316253069378,0.598617877463744,0.6110988827719663,0.5437136121092528
0.3909726075503442,0.5023715272300662,0.5561991770931065,0.5819293042606488,0.5756229791240642,0.5913107013325024,0.5557318450435043
0.3964073125733207,0.5177091509070814,0.5758951487910322,0.6071110048626179,0.6016163179740929,0.6149573160051485,0.5504642851982036
0.38226671276006974,0.4860964928923831,0.557954295448334,0.5826034084057548,0.5900590114678393,0.59032564643295,0.5484752631198009
0.38673175107324825,0.5149240153812041,0.5630169748076049,0.587004356863357,0.5845415251547778,0.6106674549950626,0.5446767257640239
0.38795357252509205,0.5185987510989623,0.5614611885639029,0.593153584442917,0.5905889467359537,0.6058160782995425,0.54763018790893
0.38915503574500415,0.49913729754807096,0.5636653061367198,0.5972139653986186,0.6026632476811584,0.6128250000226085,0.543814340914073
0.3935026214307564,0.48291509695196144,0.5647768989008236,0.5755555253178912,0.5892950822564602,0.5844667096189717,0.5376821403399139
0.38160557318736876,0.4938618910410561,0.5694267977808102,0.5817700038788726,0.5826318016608626,0.611224150278437,0.5380788087099512
