logistic_none,decision_tree_none,random_forest_none,xgboost_none,lightgbm_none
0.3575824547034644,0.6488439520068116,0.640652459400205,0.6300349900264881,0.6080480282486962
0.3554763528021681,0.6176559809999494,0.6028557264025184,0.6191439153926085,0.614908113059281
0.3802347082262541,0.6163193589097826,0.6298170736080209,0.6293388981209498,0.6281422569577118
0.37380262055876606,0.627907996321151,0.6155458816107082,0.6057545098809822,0.608011947888486
0.36181539043181654,0.6369383802188594,0.6268485079115824,0.6294797519216633,0.6266522766159104
0.3695821138072105,0.6382714834383314,0.6164000902067988,0.6349594125704192,0.6156195249460409
0.35784520609914316,0.6314709956618668,0.6287642394977082,0.6326682297690529,0.6317167255174981
0.3745813379805088,0.6365393928268357,0.6262978201485041,0.6244098141685549,0.6310228185611051
0.3832424549733635,0.6379136744529524,0.6147827660628928,0.6056223341947378,0.602579820702154
0.365768210913403,0.5999281471959435,0.624164670535084,0.6152873828576331,0.6104752114311875
0.36127454585551344,0.6439647888003186,0.6257233046590667,0.6285032447588764,0.6291655523649087
0.38024623478857356,0.6283064668240899,0.6320650267468715,0.6410204386585752,0.627936028551237
0.38208911239385934,0.6254511503982536,0.6098306647119576,0.6278883614959817,0.6275423483107321
0.3765390632861903,0.6152445296817557,0.6112615282528231,0.6117381116487653,0.6072492595669358
0.3710485209479413,0.6131742828395956,0.6039817557079613,0.6104325779318028,0.6098578591632899
0.3613049260813014,0.6283220705276099,0.6217986651918566,0.6215907184680478,0.6162953072231356
0.37663849724025983,0.6325215351922474,0.618623093179343,0.6190937025843033,0.6240861137194873
0.3718187164320213,0.6232593961703242,0.6209658868420864,0.6183802695005899,0.6215958670903504
0.35931451444813245,0.6381908974990415,0.6305104984355006,0.6224467645202898,0.6237947691581149
0.3780773847503307,0.6218309600321039,0.6128367661694359,0.6120651958491204,0.6032580635321192
0.3743378519049672,0.6210623185505808,0.6296297459670838,0.6341896395458934,0.6223405127361424
0.3678825007431448,0.6239719510368121,0.6261637091832836,0.6226757982353582,0.6165902579277234
0.35873950226746815,0.6234876331323355,0.6378873080321507,0.6302855753418104,0.6303133296158471
0.3819898935659438,0.6291941757136095,0.616922167820203,0.6099742770311372,0.6059330715254084
0.3652659033219089,0.616548990210954,0.6168382272560488,0.6067587963904734,0.6143367410738301
