LightGBM + none,LightGBM + balanced,CatBoost + none,CatBoost + balanced
0.6371288071448316,0.5737336342483739,0.6108927748519413,0.5196449245722508
0.6156985623160482,0.5744882159910791,0.5837594832826879,0.5296522340341593
0.6189996995741507,0.5519162412689322,0.5899559878262469,0.5081049878260588
0.6060084865326172,0.5628499040137827,0.588464996106978,0.5082343413994133
0.6178465705127041,0.5743987686460003,0.5964441321984182,0.5161693663825317
0.6230844323026739,0.5655562193922348,0.6070202260062596,0.5241676122984034
0.61836744491986,0.574532220086075,0.5918266656540438,0.5265976033490949
0.624882626889691,0.5891602439762031,0.5935883353923597,0.5201250308211687
0.6069830586545304,0.569077335168811,0.5988803513022202,0.5296414855053377
0.6079449271727769,0.5594600978232507,0.5858622966218301,0.5116082849099667
0.6330986974153159,0.5918735082111339,0.6029008148080868,0.5436502537134998
0.6201452017638738,0.5638250713533604,0.5946358544125501,0.5342626808272779
0.6349741243824718,0.5675353806320899,0.5935640783235212,0.5119566833644082
0.593897135889432,0.5535993126921634,0.5852225960352591,0.5100144433756164
0.6068630269825875,0.5617166371049658,0.5809144365524324,0.5067596110688312
