comparator,mean_diff,t,p_raw,p_holm
xgboost_none,0.005303111911120042,0.8141136029451269,0.42358432971582705,0.7884740611209708
random_forest_none,0.005406117004096833,0.867541772532983,0.3942370305604854,0.7884740611209708
lightgbm_none,0.008753948126191312,1.256220381453566,0.2211272424129369,0.6633817272388107
catboost_none,0.022880147750889344,3.4164598110871838,0.0022640659229054005,0.009056263691621602
lightgbm_balanced,0.03539585261892666,5.506168238418026,1.1607821327919154e-05,5.803910663959577e-05
xgboost_balanced,0.03920696847844323,6.5044514795872015,9.990670886139696e-07,5.994402531683818e-06
random_forest_balanced,0.06338480820341293,10.97909554719725,7.693601311586917e-11,5.385520918110842e-10
catboost_balanced,0.07997673014993403,13.1053383642456,1.9748647162032285e-12,1.5798917729625828e-11
decision_tree_balanced,0.12805325536145648,14.242060168494858,3.339550858072471e-13,3.0055957722652238e-12
logistic_balanced,0.23943110535924217,41.554983012102596,0.0,0.0
logistic_none,0.25719289960473846,31.54254184342518,0.0,0.0
