fold,macro_f1
0,0.5694398942561264
1,0.5694570988238569
2,0.5584775240428348
3,0.5600025871950585
4,0.5689642691856902
5,0.5747407382111984
6,0.5727457824095018
7,0.5786956025387702
8,0.5604447541182119
9,0.5593049792397943
10,0.5910840869109035
11,0.5609400421495854
12,0.5616458701339956
13,0.5419678802580459
14,0.5627333551671578
15,0.5672573237175221
16,0.5722362133747078
17,0.5648839295538804
18,0.5765912326655942
19,0.5608690101758611
20,0.5643168833599923
21,0.5599290916531678
22,0.5746341312434627
23,0.5669054224189628
24,0.5582304133946726
