logistic,decision_tree,random_forest,xgboost,lightgbm,catboost,catboost_none
0.3458392726227193,0.5008673045852561,0.5254356791961922,0.5446674903778614,0.5737336342483739,0.5196449245722508,0.6108927748519413
0.3375388647412204,0.4709810823273923,0.5434388455179089,0.5666974368573534,0.5744882159910791,0.5296522340341593,0.5837594832826879
0.3385133254848986,0.49300260182349565,0.5243804290425885,0.5471959828039602,0.5519162412689322,0.5081049878260588,0.5899559878262469
0.3323962857746525,0.46158867213702715,0.5184652488192464,0.5436070901671348,0.5628499040137827,0.5082343413994133,0.588464996106978
0.3335537167283939,0.4282122945602011,0.5314082427728378,0.5499296824502312,0.5743987686460003,0.5161693663825317,0.5964441321984182
0.3353534590223618,0.4616015894204831,0.5289642264878414,0.5597371235872518,0.5655562193922348,0.5241676122984034,0.6070202260062596
0.34941484211664114,0.46549566548993065,0.5414853930805855,0.5619434420866597,0.574532220086075,0.5265976033490949,0.5918266656540438
0.33459460308547706,0.47888410682138194,0.5346757815915252,0.5622687652344827,0.5891602439762031,0.5201250308211687,0.5935883353923597
0.33713554646760807,0.4749768965904301,0.5275359069220169,0.5558440899553613,0.569077335168811,0.5296414855053377,0.5988803513022202
0.3411011862792315,0.45355616357442424,0.5292473984419701,0.5515114045911774,0.5594600978232507,0.5116082849099667,0.5858622966218301
0.34593607185193626,0.458326774678717,0.5367433526766155,0.577701807587132,0.5918735082111339,0.5436502537134998,0.6029008148080868
0.34029247821303077,0.45484428242195885,0.5292802848712121,0.560672993181082,0.5638250713533604,0.5342626808272779,0.5946358544125501
0.34545991536824294,0.461893313604688,0.524077851150418,0.5494853443191341,0.5675353806320899,0.5119566833644082,0.5935640783235212
0.33964029822025654,0.4616253071948103,0.5270657080414778,0.5426336109778539,0.5535993126921634,0.5100144433756164,0.5852225960352591
0.33770068690850535,0.4350432112661683,0.5228820688698439,0.5528831906099857,0.5617166371049658,0.5067596110688312,0.5809144365524324
0.33894979400554637,0.4571548744616491,0.531434467695156,0.5525641086618418,0.5659090564870446,0.5151954440269487,0.6016504750110481
0.34017466725458506,0.45708542834994315,0.5447843555517171,0.557327579821251,0.5840403394740621,0.5241313216667361,0.6030802299687946
0.3381414157419568,0.46241086656267355,0.513478800577164,0.5514646476006402,0.565280034278881,0.5182403046923326,0.5779038967224951
0.3360138473066806,0.4540885224816792,0.5363026884720908,0.5621505003849808,0.5782896172185236,0.5293020693778858,0.5884914871279382
0.3269520392724251,0.4427911946786036,0.5230529345682619,0.5450715656276672,0.5671876826611625,0.514267624470414,0.5754753963926236
0.3372750346750971,0.478952992001314,0.5379447361473596,0.555636122130621,0.5720844559304334,0.5306046625954683,0.6099397060103151
0.3370044622466868,0.4573481389493807,0.5354253001466706,0.5542316636264087,0.5599167576854458,0.5117481134568223,0.5741335485004965
0.3349188882005751,0.44224611869043773,0.5354022755281956,0.5591970258076325,0.5783670707333424,0.5287836567718799,0.6027634422667963
0.3529942370634628,0.4536220969409509,0.5302441271592604,0.5575330718188127,0.5649802544996779,0.5158101593747615,0.5934241785228711
0.3376420764049608,0.4610313874670501,0.5243898575307865,0.5449277203436863,0.558839499503355,0.5150983472620303,0.600070122926992
