d0,treatment,accuracy,f1_macro,f1_weighted,roc_auc
2020-12-31,balanced,0.8548416959822255,0.6044074224853705,0.8713188830931995,0.912758180450485
2020-12-31,none,0.9113127198666914,0.6247669559995715,0.8954169601757112,0.9245779040326351
2021-06-30,balanced,0.8548416959822255,0.6044074224853705,0.8713188830931995,0.912758180450485
2021-06-30,none,0.9113127198666914,0.6247669559995715,0.8954169601757112,0.9245779040326351
2021-12-31,balanced,0.8548416959822255,0.6044074224853705,0.8713188830931995,0.912758180450485
2021-12-31,none,0.9113127198666914,0.6247669559995715,0.8954169601757112,0.9245779040326351
2022-06-30,balanced,0.8548416959822255,0.6044074224853705,0.8713188830931995,0.912758180450485
2022-06-30,none,0.9113127198666914,0.6247669559995715,0.8954169601757112,0.9245779040326351
2023-12-31,balanced,0.8548416959822255,0.6044074224853705,0.8713188830931995,0.912758180450485
2023-12-31,none,0.9113127198666914,0.6247669559995715,0.8954169601757112,0.9245779040326351
