logistic_balanced,logistic_none,decision_tree_balanced,decision_tree_none,random_forest_balanced,random_forest_none,xgboost_balanced,xgboost_none,lightgbm_balanced,lightgbm_none,catboost_balanced,catboost_none
0.39385637218863684,0.3575824547034644,0.4984281747534915,0.6488439520068116,0.5620886631589099,0.640652459400205,0.5896331789639742,0.6300349900264881,0.5872459951405478,0.6080480282486962,0.5517500100883759,0.6219669047610994
0.3908164563283384,0.3554763528021681,0.500990257170557,0.6176559809999494,0.5648988151908058,0.6028557264025184,0.5947027255217535,0.6191439153926085,0.6004337777536314,0.614908113059281,0.5638373827861836,0.6022473587681937
0.38069426052629163,0.3802347082262541,0.48097840387983853,0.6163193589097826,0.5668331121678489,0.6298170736080209,0.5959307279818185,0.6293388981209498,0.6047162982296563,0.6281422569577118,0.5449478223911924,0.6175318209275459
0.3762088095524787,0.37380262055876606,0.4862012870969572,0.627907996321151,0.5522913112194925,0.6155458816107082,0.5766318391965254,0.6057545098809822,0.576349639380705,0.608011947888486,0.5492701526160481,0.5896191290831136
0.3970480266304448,0.36181539043181654,0.4910847104545457,0.6369383802188594,0.5713609584295383,0.6268485079115824,0.5922974323032368,0.6294797519216633,0.5938319977400516,0.6266522766159104,0.545745572790975,0.5842130016634701
0.3801713108116216,0.3695821138072105,0.4899071492884926,0.6382714834383314,0.5664228639846964,0.6164000902067988,0.5919921575098197,0.6349594125704192,0.5851630179219236,0.6156195249460409,0.5389096009703735,0.6064779270171077
0.392500876268306,0.35784520609914316,0.476657815652824,0.6314709956618668,0.5679753183032162,0.6287642394977082,0.5863370851900802,0.6326682297690529,0.5982816300594953,0.6317167255174981,0.5495457602360784,0.5975944807844682
0.38666450661412216,0.3745813379805088,0.503438011144864,0.6365393928268357,0.5738372045035403,0.6262978201485041,0.5959207773785817,0.6244098141685549,0.6008030460062173,0.6310228185611051,0.5461672536270926,0.6167836951340788
0.388188478261099,0.3832424549733635,0.4843486116175681,0.6379136744529524,0.5690646947170678,0.6147827660628928,0.585117039279725,0.6056223341947378,0.5871908421002499,0.602579820702154,0.555440886144503,0.6113987778182665
0.3834663053634132,0.365768210913403,0.4904956817222351,0.5999281471959435,0.5590451785129636,0.624164670535084,0.5843541460225727,0.6152873828576331,0.5830024437107216,0.6104752114311875,0.5396346020308189,0.5925944319912396
0.3861521647719268,0.36127454585551344,0.5333732289015362,0.6439647888003186,0.5728255039802883,0.6257233046590667,0.6014022148439498,0.6285032447588764,0.608711093756173,0.6291655523649087,0.5770379757273247,0.6234138279210057
0.393946591384815,0.38024623478857356,0.5179491778366054,0.6283064668240899,0.5597920188187455,0.6320650267468715,0.5870419048770039,0.6410204386585752,0.6013102510252605,0.627936028551237,0.5436350169572539,0.6135189844763835
0.3831779777546537,0.38208911239385934,0.4815977913436016,0.6254511503982536,0.541494953372277,0.6098306647119576,0.5845891410292092,0.6278883614959817,0.5877292970172467,0.6275423483107321,0.5324929229920342,0.5951768503305462
0.3927329580489422,0.3765390632861903,0.506070878422028,0.6152445296817557,0.5626014933631933,0.6112615282528231,0.5753234455257081,0.6117381116487653,0.5884145145921672,0.6072492595669358,0.545597672782715,0.5987670743560868
0.3866383371337478,0.3710485209479413,0.5092037972132174,0.6131742828395956,0.5625289843481861,0.6039817557079613,0.585819041266517,0.6104325779318028,0.584371536401507,0.6098578591632899,0.5389972769434792,0.5955321964849988
0.38699073147816476,0.3613049260813014,0.5008611193269925,0.6283220705276099,0.5622309390207844,0.6217986651918566,0.5734806610529437,0.6215907184680478,0.5882320228144423,0.6162953072231356,0.5436251367016635,0.6047884135950882
0.38269352469885554,0.37663849724025983,0.5077888057295634,0.6325215351922474,0.5640125029429044,0.618623093179343,0.5892316253069378,0.6190937025843033,0.598617877463744,0.6240861137194873,0.5437136121092528,0.6110988827719663
0.3909726075503442,0.3718187164320213,0.5023715272300662,0.6232593961703242,0.5561991770931065,0.6209658868420864,0.5819293042606488,0.6183802695005899,0.5756229791240642,0.6215958670903504,0.5557318450435043,0.5913107013325024
0.3964073125733207,0.35931451444813245,0.5177091509070814,0.6381908974990415,0.5758951487910322,0.6305104984355006,0.6071110048626179,0.6224467645202898,0.6016163179740929,0.6237947691581149,0.5504642851982036,0.6149573160051485
0.38226671276006974,0.3780773847503307,0.4860964928923831,0.6218309600321039,0.557954295448334,0.6128367661694359,0.5826034084057548,0.6120651958491204,0.5900590114678393,0.6032580635321192,0.5484752631198009,0.59032564643295
0.38673175107324825,0.3743378519049672,0.5149240153812041,0.6210623185505808,0.5630169748076049,0.6296297459670838,0.587004356863357,0.6341896395458934,0.5845415251547778,0.6223405127361424,0.5446767257640239,0.6106674549950626
0.38795357252509205,0.3678825007431448,0.5185987510989623,0.6239719510368121,0.5614611885639029,0.6261637091832836,0.593153584442917,0.6226757982353582,0.5905889467359537,0.6165902579277234,0.54763018790893,0.6058160782995425
0.38915503574500415,0.35873950226746815,0.49913729754807096,0.6234876331323355,0.5636653061367198,0.6378873080321507,0.5972139653986186,0.6302855753418104,0.6026632476811584,0.6303133296158471,0.543814340914073,0.6128250000226085
0.3935026214307564,0.3819898935659438,0.48291509695196144,0.6291941757136095,0.5647768989008236,0.616922167820203,0.5755555253178912,0.6099742770311372,0.5892950822564602,0.6059330715254084,0.5376821403399139,0.5844667096189717
0.38160557318736876,0.3652659033219089,0.4938618910410561,0.616548990210954,0.5694267977808102,0.6168382272560488,0.5817700038788726,0.6067587963904734,0.5826318016608626,0.6143367410738301,0.5380788087099512,0.611224150278437
