config,model,treatment,macro_f1_mean,macro_f1_std,seconds
logistic_balanced,Logistic Regression,class weighting,0.3876217149864425,0.005472687247088381,137.26291298866272
logistic_none,Logistic Regression,no weighting,0.36985992074094626,0.00890414147567808,119.85718107223511
decision_tree_balanced,Decision Tree,class weighting,0.4989995649842281,0.014394787499974384,8.723685503005981
decision_tree_none,Decision Tree,no weighting,0.6270528203456847,0.010913169712233854,8.716907739639282
random_forest_balanced,Random Forest,class weighting,0.5636680121422717,0.007232604063643966,67.69811081886292
random_forest_none,Random Forest,no weighting,0.6216467033415878,0.009666200414868454,65.53439569473267
xgboost_balanced,XGBoost,class weighting,0.5878458518672415,0.008336486037523157,139.91843366622925
xgboost_none,XGBoost,no weighting,0.6217497084345646,0.010080516045259162,93.36610817909241
lightgbm_balanced,LightGBM,class weighting,0.591656967726758,0.008927108136456606,90.97540378570557
lightgbm_none,LightGBM,no weighting,0.6182988722194933,0.00951588704014288,75.73754143714905
catboost_balanced,CatBoost,class weighting,0.5470760901957505,0.009128743827582459,2234.302680015564
catboost_none,CatBoost,no weighting,0.6041726725947953,0.011591848282647681,4434.637355327606
