logistic,decision_tree,random_forest,xgboost,lightgbm,catboost
0.347062725267822,0.476388745377683,0.5347049302196986,0.5469086377507713,0.5664861086884891,0.5111561472181171
0.3271539585614437,0.4546004080702172,0.5421063167647592,0.5558911226655134,0.5784058396384903,0.5222286013777743
0.32725308404854314,0.4278678581632686,0.5271110751704549,0.5438494639677616,0.5572446097331387,0.49921287174871215
0.3370858058281657,0.4658616539410291,0.5211451503680848,0.5434591662061007,0.5546130483223817,0.500618207358525
0.3276799314503266,0.4642137716383189,0.5383480210810386,0.5576680130989171,0.5747665746193974,0.5134564256049584
0.33182210370322424,0.457237678171815,0.5363634759249322,0.5640430382401104,0.5723579960340994,0.5176778784562827
0.3429306643424502,0.48582152262081557,0.5395683560236441,0.5488549146103369,0.5747491977130683,0.5129333211803584
0.3272683753072426,0.4500774060965239,0.5367967892909247,0.5570753391693807,0.5820661124851686,0.5091284871440088
0.3302335937862077,0.4726134404769892,0.5334387481497755,0.5582681454539637,0.575750430955586,0.5145521643088381
0.3329140348523583,0.45893804034095054,0.5368991899419517,0.5628349859916707,0.5567407559292057,0.5071005115165406
0.3419339361429762,0.46353901036641415,0.5404583442344678,0.5657684370063177,0.5942403482371159,0.5199254780287046
0.3331890022422385,0.4078489501159244,0.5357566479408639,0.5588356803574548,0.5721362489278219,0.5235144103020958
0.33561575496770935,0.4581504096299834,0.5273223229376659,0.5440726648339617,0.5781885256348714,0.5066429116876385
0.3287956296866418,0.47318660847259314,0.5362462398318399,0.5413024796746069,0.5560068288994428,0.4991632461957586
0.3394443265425714,0.46207391005460846,0.5243003076143931,0.5498037258657205,0.575494770473769,0.4933527426545428
0.344688850986946,0.45042787124939404,0.5422722216219841,0.5526189427890207,0.5783726711060158,0.5123647191204943
0.33724107283305305,0.46732508584068705,0.5489179828050419,0.5618345517559249,0.5906803709006159,0.5233771959297249
0.3388507582211213,0.4100336634767613,0.5203073776325394,0.5522641817820768,0.5631365956503184,0.4962981466054798
0.33356362860595856,0.4653679346124736,0.5395590076109581,0.555216276502304,0.5786746054898797,0.5035665712751156
0.3252246828622848,0.46269667790396685,0.5357890154862346,0.5495100401645814,0.5646982873860031,0.5151383745074742
0.3301259486936172,0.4725503414914101,0.5401724897811275,0.5545535217490005,0.5718177056473606,0.5134484875624183
0.33302519565872096,0.4506629677676095,0.5321188732922517,0.5547813154815247,0.567475995070011,0.4996479301274337
0.33875731989555735,0.4496067263828463,0.5303675656051994,0.5560394776692473,0.5732614685729811,0.5089901642618954
0.34414937929642264,0.4661349238420861,0.5414871655516631,0.5508577713524881,0.5637859072598463,0.503826391319925
0.3301790715616723,0.4693850445982866,0.5398490133897634,0.5448448342161607,0.5628111219563408,0.5097864275773327
