,mean,std,median,missing_pct
Số dư nợ theo nguyên tệ,5092.313744198296,121908.72697349521,122.0,0.0
Lãi phải thu hạch toán nội bảng,41.261854358607394,1328.0489201321482,1.0,0.0
Lãi chưa thu hạch toán ngoại bảng,16.059741395589214,283.8443969610075,0.0,0.0
Lãi suất,11.287455499567667,4.144191271933768,10.0,0.0
Số lần cơ cấu lại thời hạn trả nợ,1.6873449131513647,0.9781257575866243,1.0,99.59947126231154
Số tiền nợ gốc cơ cấu,5439.410714285715,15091.54101498761,341.5,99.72171700607252
Số tiền nợ lãi cơ cấu,469.6629834254144,764.1371184472245,216.0,99.8201099217826
Mã chi nhánh TCTD,42316485.85737003,28958077.907112245,42317001.0,0.0
ENG_LOAN_AGE_DAYS,602.8189371577367,632.714432730216,395.0,0.0
ENG_DAYS_TO_MATURITY,1667.4027748789965,2778.309396861081,711.0,0.0
ENG_TENOR_ACTUAL_DAYS,2270.221712036733,2850.2858858251266,1461.0,0.0
ENG_HAS_RESTRUCTURE,0.004005287376884622,0.06316078449584575,0.0,0.0
