,Số dư nợ theo nguyên tệ,Lãi phải thu hạch toán nội bảng,Lãi chưa thu hạch toán ngoại bảng,Lãi suất,Số lần cơ cấu lại thời hạn trả nợ,Số tiền nợ gốc cơ cấu,Số tiền nợ lãi cơ cấu,Mã chi nhánh TCTD,ENG_LOAN_AGE_DAYS,ENG_DAYS_TO_MATURITY,ENG_TENOR_ACTUAL_DAYS,ENG_HAS_RESTRUCTURE
Số dư nợ theo nguyên tệ,1.0,0.1859501695613737,0.002566007500245189,-0.04222257658070557,0.1984535790343907,0.9075736935455031,0.8504466951424681,-0.008582243523279602,-0.020459490698876436,-0.012148449232452996,-0.016383327000120993,0.0064604562178901285
Lãi phải thu hạch toán nội bảng,0.1859501695613737,1.0,-0.0017577572524054262,-0.018824278196982288,-0.049149988855530964,0.059168909678731424,0.48193328070527996,-0.027453861818596492,-0.011377744604096903,-0.0005563840734355791,-0.0030679976229432693,-0.0016131469479785077
Lãi chưa thu hạch toán ngoại bảng,0.002566007500245189,-0.0017577572524054262,1.0,0.01359232382970534,0.004760384490877256,-0.06723048295768101,0.3671343577714843,0.052170479862656466,0.06769501729338075,0.008574672605776717,0.02338527102581622,0.1029155909374944
Lãi suất,-0.04222257658070557,-0.018824278196982288,0.01359232382970534,1.0,-0.26075125445582187,-0.6134202527306295,-0.2399549861656724,0.15031673435089285,0.010084049359121165,-0.18767339758409046,-0.18069571303011178,-0.009358748056196358
Số lần cơ cấu lại thời hạn trả nợ,0.1984535790343907,-0.049149988855530964,0.004760384490877256,-0.26075125445582187,1.0,0.034032862021089266,0.15483886798265137,-0.3987342409535714,0.22078430065582957,-0.04568168821884154,-0.005022966161703575,
Số tiền nợ gốc cơ cấu,0.9075736935455031,0.059168909678731424,-0.06723048295768101,-0.6134202527306295,0.034032862021089266,1.0,0.3970396871624905,0.031297613419278496,-0.327280815734983,-0.21422154852555875,-0.24480130128552094,0.043196464752422524
Số tiền nợ lãi cơ cấu,0.8504466951424681,0.48193328070527996,0.3671343577714843,-0.2399549861656724,0.15483886798265137,0.3970396871624905,1.0,0.05800264341164769,-0.09396707836779715,0.007593413145812859,-0.0024642436189777003,0.04697728902813408
Mã chi nhánh TCTD,-0.008582243523279602,-0.027453861818596492,0.052170479862656466,0.15031673435089285,-0.3987342409535714,0.031297613419278496,0.05800264341164769,1.0,-0.01865817005860457,-0.11425752142622705,-0.11551404038533891,0.059584405829817645
ENG_LOAN_AGE_DAYS,-0.020459490698876436,-0.011377744604096903,0.06769501729338075,0.010084049359121165,0.22078430065582957,-0.327280815734983,-0.09396707836779715,-0.01865817005860457,1.0,0.0013649915076078233,0.22331331907015828,0.051129952595984796
ENG_DAYS_TO_MATURITY,-0.012148449232452996,-0.0005563840734355791,0.008574672605776717,-0.18767339758409046,-0.04568168821884154,-0.21422154852555875,0.007593413145812859,-0.11425752142622705,0.0013649915076078233,1.0,0.9750506293104453,0.00375867954514007
ENG_TENOR_ACTUAL_DAYS,-0.016383327000120993,-0.0030679976229432693,0.02338527102581622,-0.18069571303011178,-0.005022966161703575,-0.24480130128552094,-0.0024642436189777003,-0.11551404038533891,0.22331331907015828,0.9750506293104453,1.0,0.01501373383812481
ENG_HAS_RESTRUCTURE,0.0064604562178901285,-0.0016131469479785077,0.1029155909374944,-0.009358748056196358,,0.043196464752422524,0.04697728902813408,0.059584405829817645,0.051129952595984796,0.00375867954514007,0.01501373383812481,1.0
