,missing_pct
Số tiền nợ lãi cơ cấu,99.8201099217826
Số tiền nợ gốc cơ cấu,99.72171700607252
Số lần cơ cấu lại thời hạn trả nợ,99.59947126231154
Phương thức cho vay,0.04571792043094109
Lãi suất,0.0
Lãi chưa thu hạch toán ngoại bảng,0.0
Lãi phải thu hạch toán nội bảng,0.0
Số dư nợ theo nguyên tệ,0.0
ENG_LOAN_AGE_DAYS,0.0
ENG_DAYS_TO_MATURITY,0.0
ENG_TENOR_ACTUAL_DAYS,0.0
Mã chi nhánh TCTD,0.0
ENG_HAS_RESTRUCTURE,0.0
Mã thời hạn cấp tín dụng,0.0
Hình thức cấp tín dụng,0.0
Mã tiền tệ,0.0
Mục đích sử dụng tiền vay phân theo ngành kinh tế,0.0
Mô tả mục đích sử dụng tiền vay,0.0
Nguồn cấp tín dụng,0.0
Hoạt động cấp tín dụng bằng phương tiện điện tử,0.0
