Bộ dữ liệu,Mô hình,model_key,config_id,params,Accuracy,Macro-F1,Weighted-F1,ROC-AUC macro,Trạng thái,Lỗi
A,Decision Tree,decision_tree,0,"{'max_depth': 5, 'min_samples_leaf': 5}",0.8996482132938345,0.607581804651414,0.8843259091481409,0.8597465842728642,OK,
A,Decision Tree,decision_tree,1,"{'max_depth': 5, 'min_samples_leaf': 10}",0.8998333641918164,0.6078109333588482,0.8845312372713694,0.8613992651147615,OK,
A,Decision Tree,decision_tree,2,"{'max_depth': 5, 'min_samples_leaf': 20}",0.8998333641918164,0.608628730934141,0.8846339768801783,0.8611780453143482,OK,
A,Decision Tree,decision_tree,3,"{'max_depth': 10, 'min_samples_leaf': 5}",0.8872431031290502,0.594349809393508,0.8807466018616358,0.8751212683254941,OK,
A,Decision Tree,decision_tree,4,"{'max_depth': 10, 'min_samples_leaf': 10}",0.8846509905573042,0.5896364620192172,0.8786402700838019,0.876527254115353,OK,
A,Decision Tree,decision_tree,5,"{'max_depth': 10, 'min_samples_leaf': 20}",0.8863173486391409,0.5973577865814684,0.880534145054235,0.8853989344100615,OK,
A,Decision Tree,decision_tree,6,"{'max_depth': 15, 'min_samples_leaf': 5}",0.8761340492501388,0.5760408872952765,0.8736759602932425,0.846690864070777,OK,
A,Decision Tree,decision_tree,7,"{'max_depth': 15, 'min_samples_leaf': 10}",0.8722458803925199,0.5727323807723275,0.8721509286807826,0.8548025242739836,OK,
A,Decision Tree,decision_tree,8,"{'max_depth': 15, 'min_samples_leaf': 20}",0.874652842066284,0.5812026599072527,0.8730731577936536,0.8598481104687687,OK,
A,Decision Tree,decision_tree,9,"{'max_depth': 20, 'min_samples_leaf': 5}",0.8609516756156267,0.5625957747749533,0.864252654244177,0.8100642909047634,OK,
A,Decision Tree,decision_tree,10,"{'max_depth': 20, 'min_samples_leaf': 10}",0.8585447139418626,0.5653806825175565,0.8644454520261595,0.8311376899638836,OK,
A,Decision Tree,decision_tree,11,"{'max_depth': 20, 'min_samples_leaf': 20}",0.8668765043510461,0.5791947808120176,0.8702884352458399,0.8514618992638541,OK,
A,Random Forest,random_forest,0,"{'n_estimators': 100, 'max_depth': 10, 'min_samples_leaf': 5}",0.9037215330494353,0.6135164871419859,0.8881181528322356,0.9130356277976984,OK,
A,Random Forest,random_forest,1,"{'n_estimators': 100, 'max_depth': 10, 'min_samples_leaf': 10}",0.9039066839474171,0.6176749745329648,0.8883144461336393,0.9121258651714109,OK,
A,Random Forest,random_forest,2,"{'n_estimators': 100, 'max_depth': 15, 'min_samples_leaf': 5}",0.9061284947231995,0.620393586415823,0.8924660862397545,0.9170245119322796,OK,
A,Random Forest,random_forest,3,"{'n_estimators': 100, 'max_depth': 15, 'min_samples_leaf': 10}",0.9050175893353083,0.6206375315288147,0.8921744190714119,0.9165827661168725,OK,
A,Random Forest,random_forest,4,"{'n_estimators': 100, 'max_depth': 20, 'min_samples_leaf': 5}",0.9044621366413627,0.6224030756382525,0.892626446296422,0.9168957064698178,OK,
A,Random Forest,random_forest,5,"{'n_estimators': 100, 'max_depth': 20, 'min_samples_leaf': 10}",0.9033512312534716,0.6177152686365976,0.8917193826440013,0.916906690371091,OK,
A,Random Forest,random_forest,6,"{'n_estimators': 300, 'max_depth': 10, 'min_samples_leaf': 5}",0.9037215330494353,0.6146427771866225,0.8880611149874711,0.9131408655010066,OK,
A,Random Forest,random_forest,7,"{'n_estimators': 300, 'max_depth': 10, 'min_samples_leaf': 10}",0.9048324384373264,0.6198106290006413,0.8892978521684028,0.912664857796153,OK,
A,Random Forest,random_forest,8,"{'n_estimators': 300, 'max_depth': 15, 'min_samples_leaf': 5}",0.9052027402332902,0.6179028351932951,0.8916654176844896,0.9181958623048179,OK,
A,Random Forest,random_forest,9,"{'n_estimators': 300, 'max_depth': 15, 'min_samples_leaf': 10}",0.9059433438252176,0.6263420650655575,0.8928018447562548,0.9178103463668119,OK,
A,Random Forest,random_forest,10,"{'n_estimators': 300, 'max_depth': 20, 'min_samples_leaf': 5}",0.9052027402332902,0.625036329429095,0.8934181599941284,0.9167902454735553,OK,
A,Random Forest,random_forest,11,"{'n_estimators': 300, 'max_depth': 20, 'min_samples_leaf': 10}",0.9046472875393445,0.6236840763173046,0.8926493065957395,0.9176043414351687,OK,
A,Random Forest,random_forest,12,"{'n_estimators': 500, 'max_depth': 10, 'min_samples_leaf': 5}",0.9042769857433809,0.6189553411958734,0.8887529475612314,0.9136692244114666,OK,
A,Random Forest,random_forest,13,"{'n_estimators': 500, 'max_depth': 10, 'min_samples_leaf': 10}",0.9046472875393445,0.6202357178924192,0.8890830745444914,0.913026667778575,OK,
A,Random Forest,random_forest,14,"{'n_estimators': 500, 'max_depth': 15, 'min_samples_leaf': 5}",0.9052027402332902,0.6169712339368313,0.8915889288346494,0.9182098172255954,OK,
A,Random Forest,random_forest,15,"{'n_estimators': 500, 'max_depth': 15, 'min_samples_leaf': 10}",0.906683947417145,0.628741490828609,0.8934803666386532,0.917932597271213,OK,
A,Random Forest,random_forest,16,"{'n_estimators': 500, 'max_depth': 20, 'min_samples_leaf': 5}",0.9061284947231995,0.626941576048082,0.8942061516794996,0.9175704060341164,OK,
A,Random Forest,random_forest,17,"{'n_estimators': 500, 'max_depth': 20, 'min_samples_leaf': 10}",0.9057581929272357,0.6303444698638041,0.8938843162744017,0.9173808628489775,OK,
A,XGBoost,xgboost,0,"{'max_depth': 4, 'learning_rate': 0.03, 'n_estimators': 400}",0.906683947417145,0.6270924728719679,0.894112173210556,0.9151043120398772,OK,
A,XGBoost,xgboost,1,"{'max_depth': 4, 'learning_rate': 0.05, 'n_estimators': 400}",0.9107572671727457,0.6421315758460049,0.8984650546885767,0.9161574989300855,OK,
A,XGBoost,xgboost,2,"{'max_depth': 4, 'learning_rate': 0.1, 'n_estimators': 400}",0.9094612108868728,0.6404186873382947,0.8978154656392743,0.9171059090613909,OK,
A,XGBoost,xgboost,3,"{'max_depth': 6, 'learning_rate': 0.03, 'n_estimators': 400}",0.9098315126828365,0.6413017685379967,0.8973107226203383,0.9199725346812178,OK,
A,XGBoost,xgboost,4,"{'max_depth': 6, 'learning_rate': 0.05, 'n_estimators': 400}",0.9096463617848547,0.6442366483812576,0.8981773905242884,0.9201282850049386,OK,
A,XGBoost,xgboost,5,"{'max_depth': 6, 'learning_rate': 0.1, 'n_estimators': 400}",0.9094612108868728,0.6360184644730912,0.8979788139428195,0.9180488741871636,OK,
A,XGBoost,xgboost,6,"{'max_depth': 8, 'learning_rate': 0.03, 'n_estimators': 400}",0.9076097019070543,0.6349316753172638,0.8959207230076947,0.9219485596773824,OK,
A,XGBoost,xgboost,7,"{'max_depth': 8, 'learning_rate': 0.05, 'n_estimators': 400}",0.9085354563969635,0.6355851185532141,0.8974291307457518,0.9206461506965777,OK,
A,XGBoost,xgboost,8,"{'max_depth': 8, 'learning_rate': 0.1, 'n_estimators': 400}",0.9064987965191631,0.6269657943866089,0.8953959108216615,0.9196707127855117,OK,
A,XGBoost,xgboost,9,"{'max_depth': 6, 'learning_rate': 0.05, 'n_estimators': 200}",0.9092760599888909,0.6376178663911999,0.8969638777499412,0.9180707499393719,OK,
A,XGBoost,xgboost,10,"{'max_depth': 6, 'learning_rate': 0.05, 'n_estimators': 600}",0.910572116274764,0.6431486170344565,0.8993341144128466,0.9205096561410429,OK,
A,LightGBM,lightgbm,0,"{'max_depth': 4, 'learning_rate': 0.03, 'n_estimators': 400}",0.9094612108868728,0.6365170205406188,0.8970664474727198,0.9149536057355444,OK,
A,LightGBM,lightgbm,1,"{'max_depth': 4, 'learning_rate': 0.05, 'n_estimators': 400}",0.9109424180707276,0.6427518115819166,0.8985410248928369,0.9164364407673544,OK,
A,LightGBM,lightgbm,2,"{'max_depth': 4, 'learning_rate': 0.1, 'n_estimators': 400}",0.9098315126828365,0.6388264842679187,0.8981639295990601,0.9169199084255709,OK,
A,LightGBM,lightgbm,3,"{'max_depth': 6, 'learning_rate': 0.03, 'n_estimators': 400}",0.9100166635808183,0.6405652436802255,0.89814720730762,0.9182163901382866,OK,
A,LightGBM,lightgbm,4,"{'max_depth': 6, 'learning_rate': 0.05, 'n_estimators': 400}",0.9094612108868728,0.6436832352707565,0.8980474376275948,0.9184529197980366,OK,
A,LightGBM,lightgbm,5,"{'max_depth': 6, 'learning_rate': 0.1, 'n_estimators': 400}",0.9053878911312719,0.622328655126785,0.8940280592820696,0.9181391957588614,OK,
A,LightGBM,lightgbm,6,"{'max_depth': 8, 'learning_rate': 0.03, 'n_estimators': 400}",0.9076097019070543,0.6380421168492921,0.8961171034227468,0.9182028178500454,OK,
A,LightGBM,lightgbm,7,"{'max_depth': 8, 'learning_rate': 0.05, 'n_estimators': 400}",0.9113127198666914,0.6484334043692797,0.9001237752632766,0.9181492652032546,OK,
A,LightGBM,lightgbm,8,"{'max_depth': 8, 'learning_rate': 0.1, 'n_estimators': 400}",0.907980003703018,0.6388712031796603,0.8971909768819883,0.9170968685511103,OK,
A,LightGBM,lightgbm,9,"{'max_depth': 8, 'learning_rate': 0.05, 'n_estimators': 200}",0.9092760599888909,0.6375273753785424,0.8974449229455661,0.9190429803892087,OK,
A,LightGBM,lightgbm,10,"{'max_depth': 8, 'learning_rate': 0.05, 'n_estimators': 600}",0.9100166635808183,0.6407609585953127,0.898562083390025,0.9182615697324469,OK,
A,CatBoost,catboost,0,"{'depth': 4, 'learning_rate': 0.03, 'iterations': 400}",0.6872801333086466,0.5259050368488734,0.7617802946964067,0.8911492181721643,OK,
A,CatBoost,catboost,1,"{'depth': 4, 'learning_rate': 0.05, 'iterations': 400}",0.7226439548231809,0.5358446271333793,0.7852841615137719,0.9005553274228731,OK,
A,CatBoost,catboost,2,"{'depth': 4, 'learning_rate': 0.1, 'iterations': 400}",0.7511571931123866,0.5475900880496742,0.8040841104129349,0.9031238687462169,OK,
A,CatBoost,catboost,3,"{'depth': 6, 'learning_rate': 0.03, 'iterations': 400}",0.7167191260877616,0.5405965856302164,0.7819960438278872,0.894698650274767,OK,
A,CatBoost,catboost,4,"{'depth': 6, 'learning_rate': 0.05, 'iterations': 400}",0.7496759859285318,0.5454304729136725,0.8033337609265213,0.9005858972990026,OK,
A,CatBoost,catboost,5,"{'depth': 6, 'learning_rate': 0.1, 'iterations': 400}",0.7837437511571931,0.5590045434117832,0.8251725653839371,0.9016056657485139,OK,
A,CatBoost,catboost,6,"{'depth': 8, 'learning_rate': 0.03, 'iterations': 400}",0.7319014997222737,0.5369043958370239,0.7912864187860433,0.8931673977484985,OK,
A,CatBoost,catboost,7,"{'depth': 8, 'learning_rate': 0.05, 'iterations': 400}",0.7767080170338826,0.552537307463073,0.8207132068359031,0.90080143000097,OK,
A,CatBoost,catboost,8,"{'depth': 8, 'learning_rate': 0.1, 'iterations': 400}",0.8111460840585076,0.5676740198058297,0.842543874298765,0.9049655284572579,OK,
A,Logistic Regression,logistic,0,{'C': 0.01},0.8713201259026107,0.3992724437180165,0.832246975279594,0.8000774632592125,OK,
A,Logistic Regression,logistic,1,{'C': 0.1},0.8729864839844473,0.41880323594226737,0.8362126475462571,0.8059087219798954,OK,
A,Logistic Regression,logistic,2,{'C': 1.0},0.873356785780411,0.4204328626391586,0.8367885027927233,0.8058884514171064,OK,
A,Logistic Regression,logistic,3,{'C': 10.0},0.8735419366783929,0.4219911888960892,0.837088372172277,0.8059367473792161,OK,
B,Decision Tree,decision_tree,0,"{'max_depth': 5, 'min_samples_leaf': 5}",0.9693593314763231,0.417011137011137,0.9667459539325834,0.686798257528759,OK,
B,Decision Tree,decision_tree,1,"{'max_depth': 5, 'min_samples_leaf': 10}",0.9712163416898792,0.3372061114241209,0.9669535822224306,0.6589293034275249,OK,
B,Decision Tree,decision_tree,2,"{'max_depth': 5, 'min_samples_leaf': 20}",0.9721448467966574,0.3966745768074672,0.9687258298193064,0.6639454848114424,OK,
B,Decision Tree,decision_tree,3,"{'max_depth': 10, 'min_samples_leaf': 5}",0.9675023212627669,0.39694947569113437,0.9680452621898381,0.6680591858284138,OK,
B,Decision Tree,decision_tree,4,"{'max_depth': 10, 'min_samples_leaf': 10}",0.9665738161559888,0.32130008998994236,0.9669482360491873,0.6985241108649012,OK,
B,Decision Tree,decision_tree,5,"{'max_depth': 10, 'min_samples_leaf': 20}",0.9628597957288765,0.4360443994509512,0.9671281401039278,0.7137099820389343,OK,
B,Decision Tree,decision_tree,6,"{'max_depth': 15, 'min_samples_leaf': 5}",0.9656453110492108,0.3145365956996081,0.9661976835661283,0.674450815377467,OK,
B,Decision Tree,decision_tree,7,"{'max_depth': 15, 'min_samples_leaf': 10}",0.9665738161559888,0.32130008998994236,0.9669482360491873,0.7429493740250668,OK,
B,Decision Tree,decision_tree,8,"{'max_depth': 15, 'min_samples_leaf': 20}",0.9628597957288765,0.4360443994509512,0.9671281401039278,0.7487783222517818,OK,
B,Decision Tree,decision_tree,9,"{'max_depth': 20, 'min_samples_leaf': 5}",0.9656453110492108,0.3145365956996081,0.9661976835661283,0.674450815377467,OK,
B,Decision Tree,decision_tree,10,"{'max_depth': 20, 'min_samples_leaf': 10}",0.9665738161559888,0.32130008998994236,0.9669482360491873,0.7429493740250668,OK,
B,Decision Tree,decision_tree,11,"{'max_depth': 20, 'min_samples_leaf': 20}",0.9628597957288765,0.4360443994509512,0.9671281401039278,0.7487783222517818,OK,
B,Random Forest,random_forest,0,"{'n_estimators': 100, 'max_depth': 10, 'min_samples_leaf': 5}",0.9749303621169917,0.26201230477993376,0.9702921077944775,0.9346330749556812,OK,
B,Random Forest,random_forest,1,"{'n_estimators': 100, 'max_depth': 10, 'min_samples_leaf': 10}",0.9740018570102136,0.257175925925926,0.9694517521235255,0.9550633590761354,OK,
B,Random Forest,random_forest,2,"{'n_estimators': 100, 'max_depth': 15, 'min_samples_leaf': 5}",0.9758588672237697,0.2621078524124882,0.9707578692345059,0.9451703858260145,OK,
B,Random Forest,random_forest,3,"{'n_estimators': 100, 'max_depth': 15, 'min_samples_leaf': 10}",0.9749303621169917,0.27189707454733486,0.9701643906972286,0.9537581792511901,OK,
B,Random Forest,random_forest,4,"{'n_estimators': 100, 'max_depth': 20, 'min_samples_leaf': 5}",0.9758588672237697,0.26477451907915484,0.9709683303920423,0.9491501691308939,OK,
B,Random Forest,random_forest,5,"{'n_estimators': 100, 'max_depth': 20, 'min_samples_leaf': 10}",0.9749303621169917,0.27199074074074076,0.9706209807765054,0.9537281952839145,OK,
B,Random Forest,random_forest,6,"{'n_estimators': 300, 'max_depth': 10, 'min_samples_leaf': 5}",0.9740018570102136,0.25945512820512817,0.9696316334547532,0.960153953538099,OK,
B,Random Forest,random_forest,7,"{'n_estimators': 300, 'max_depth': 10, 'min_samples_leaf': 10}",0.9740018570102136,0.2692495093726738,0.9699455457548428,0.9615500275732002,OK,
B,Random Forest,random_forest,8,"{'n_estimators': 300, 'max_depth': 15, 'min_samples_leaf': 5}",0.9740018570102136,0.25945512820512817,0.9696316334547532,0.9600296147147939,OK,
B,Random Forest,random_forest,9,"{'n_estimators': 300, 'max_depth': 15, 'min_samples_leaf': 10}",0.9740018570102136,0.2692495093726738,0.9699455457548428,0.9645273405191759,OK,
B,Random Forest,random_forest,10,"{'n_estimators': 300, 'max_depth': 20, 'min_samples_leaf': 5}",0.9730733519034355,0.25935939948256387,0.9691649892639799,0.961783697650848,OK,
B,Random Forest,random_forest,11,"{'n_estimators': 300, 'max_depth': 20, 'min_samples_leaf': 10}",0.9740018570102136,0.2692495093726738,0.9699455457548428,0.9652242819891331,OK,
B,Random Forest,random_forest,12,"{'n_estimators': 500, 'max_depth': 10, 'min_samples_leaf': 5}",0.9740018570102136,0.25945512820512817,0.9696316334547532,0.9627979958848947,OK,
B,Random Forest,random_forest,13,"{'n_estimators': 500, 'max_depth': 10, 'min_samples_leaf': 10}",0.9740018570102136,0.2693432633716994,0.9704025638559429,0.9634096179973813,OK,
B,Random Forest,random_forest,14,"{'n_estimators': 500, 'max_depth': 15, 'min_samples_leaf': 5}",0.9740018570102136,0.25945512820512817,0.9696316334547532,0.9598109328779009,OK,
B,Random Forest,random_forest,15,"{'n_estimators': 500, 'max_depth': 15, 'min_samples_leaf': 10}",0.9730733519034355,0.25708019720336156,0.968985107932752,0.9654485538778695,OK,
B,Random Forest,random_forest,16,"{'n_estimators': 500, 'max_depth': 20, 'min_samples_leaf': 5}",0.9740018570102136,0.2593614620117223,0.9691750433754764,0.9625092935453183,OK,
B,Random Forest,random_forest,17,"{'n_estimators': 500, 'max_depth': 20, 'min_samples_leaf': 10}",0.9749303621169917,0.27199074074074076,0.9706209807765054,0.9655812368945389,OK,
B,XGBoost,xgboost,0,"{'max_depth': 4, 'learning_rate': 0.03, 'n_estimators': 400}",0.9814298978644382,0.3984848484848485,0.9777580822149067,0.9767465883374105,OK,
B,XGBoost,xgboost,1,"{'max_depth': 4, 'learning_rate': 0.05, 'n_estimators': 400}",0.9823584029712163,0.4278196152633239,0.9782231322802076,0.9756026654947796,OK,
B,XGBoost,xgboost,2,"{'max_depth': 4, 'learning_rate': 0.1, 'n_estimators': 400}",0.9823584029712163,0.4278196152633239,0.9782231322802076,0.9736545085620444,OK,
B,XGBoost,xgboost,3,"{'max_depth': 6, 'learning_rate': 0.03, 'n_estimators': 400}",0.9823584029712163,0.42412730757101613,0.9779317245236188,0.9788908375580206,OK,
B,XGBoost,xgboost,4,"{'max_depth': 6, 'learning_rate': 0.05, 'n_estimators': 400}",0.9814298978644382,0.4118196152633239,0.9769603653349893,0.9780843535255578,OK,
B,XGBoost,xgboost,5,"{'max_depth': 6, 'learning_rate': 0.1, 'n_estimators': 400}",0.9805013927576601,0.39848628192999047,0.9759080595473076,0.9787288869131776,OK,
B,XGBoost,xgboost,6,"{'max_depth': 8, 'learning_rate': 0.03, 'n_estimators': 400}",0.9814298978644382,0.41172576832151303,0.9765028941701731,0.9784232486026487,OK,
B,XGBoost,xgboost,7,"{'max_depth': 8, 'learning_rate': 0.05, 'n_estimators': 400}",0.9823584029712163,0.4242212433409783,0.9783896286947432,0.978401237795741,OK,
B,XGBoost,xgboost,8,"{'max_depth': 8, 'learning_rate': 0.1, 'n_estimators': 400}",0.9814298978644382,0.4118196152633239,0.9769603653349893,0.9788191119869166,OK,
B,XGBoost,xgboost,9,"{'max_depth': 6, 'learning_rate': 0.05, 'n_estimators': 200}",0.9823584029712163,0.42772576832151293,0.9777656611153914,0.9798239949138304,OK,
B,XGBoost,xgboost,10,"{'max_depth': 6, 'learning_rate': 0.05, 'n_estimators': 600}",0.9814298978644382,0.4118196152633239,0.9769603653349893,0.977792831996528,OK,
B,LightGBM,lightgbm,0,"{'max_depth': 4, 'learning_rate': 0.03, 'n_estimators': 400}",0.9842154131847726,0.43719276094276094,0.9806071000941011,0.9733082710939005,OK,
B,LightGBM,lightgbm,1,"{'max_depth': 4, 'learning_rate': 0.05, 'n_estimators': 400}",0.9805013927576601,0.40718434343434345,0.9764221837689804,0.9619704186975584,OK,
B,LightGBM,lightgbm,2,"{'max_depth': 4, 'learning_rate': 0.1, 'n_estimators': 400}",0.9814298978644382,0.41088656487993297,0.9780735699632471,0.9642692685126939,OK,
B,LightGBM,lightgbm,3,"{'max_depth': 6, 'learning_rate': 0.03, 'n_estimators': 400}",0.9805013927576601,0.38718595606012823,0.9759657922047932,0.9811552729264493,OK,
B,LightGBM,lightgbm,4,"{'max_depth': 6, 'learning_rate': 0.05, 'n_estimators': 400}",0.9805013927576601,0.41163040050457267,0.9760380092686535,0.978650873753821,OK,
B,LightGBM,lightgbm,5,"{'max_depth': 6, 'learning_rate': 0.1, 'n_estimators': 400}",0.9814298978644382,0.3833751708188794,0.9771914599393432,0.9786205924512226,OK,
B,LightGBM,lightgbm,6,"{'max_depth': 8, 'learning_rate': 0.03, 'n_estimators': 400}",0.9805013927576601,0.3477492261991316,0.9752486334306237,0.9810442365481504,OK,
B,LightGBM,lightgbm,7,"{'max_depth': 8, 'learning_rate': 0.05, 'n_estimators': 400}",0.9805013927576601,0.37829867674858225,0.9752721011421138,0.9792090858858146,OK,
B,LightGBM,lightgbm,8,"{'max_depth': 8, 'learning_rate': 0.1, 'n_estimators': 400}",0.9805013927576601,0.3795874945898609,0.9764351637726039,0.979674619325392,OK,
B,LightGBM,lightgbm,9,"{'max_depth': 8, 'learning_rate': 0.05, 'n_estimators': 200}",0.9805013927576601,0.3477492261991316,0.9752486334306237,0.9806182555428331,OK,
B,LightGBM,lightgbm,10,"{'max_depth': 8, 'learning_rate': 0.05, 'n_estimators': 600}",0.9805013927576601,0.37839243498817965,0.9757291399145247,0.9790007575204143,OK,
B,CatBoost,catboost,0,"{'depth': 4, 'learning_rate': 0.03, 'iterations': 400}",0.8913649025069638,0.30769866640834387,0.9261676088884284,0.9200700600598042,OK,
B,CatBoost,catboost,1,"{'depth': 4, 'learning_rate': 0.05, 'iterations': 400}",0.914577530176416,0.3129449120200283,0.9396203318324039,0.9387437890258898,OK,
B,CatBoost,catboost,2,"{'depth': 4, 'learning_rate': 0.1, 'iterations': 400}",0.9452181987000928,0.35377007946035555,0.9575880491472355,0.9367111984189563,OK,
B,CatBoost,catboost,3,"{'depth': 6, 'learning_rate': 0.03, 'iterations': 400}",0.9099350046425255,0.3323686394583767,0.9367982304111556,0.9127782732388988,OK,
B,CatBoost,catboost,4,"{'depth': 6, 'learning_rate': 0.05, 'iterations': 400}",0.9387186629526463,0.33335202542123954,0.9536531428332133,0.9461371163740384,OK,
B,CatBoost,catboost,5,"{'depth': 6, 'learning_rate': 0.1, 'iterations': 400}",0.9535747446610956,0.3634466826682832,0.9613979503092508,0.9519989664977118,OK,
B,CatBoost,catboost,6,"{'depth': 8, 'learning_rate': 0.03, 'iterations': 400}",0.9182915506035283,0.33612291905903524,0.9415475260948494,0.9282832213393286,OK,
B,CatBoost,catboost,7,"{'depth': 8, 'learning_rate': 0.05, 'iterations': 400}",0.9526462395543176,0.32796681458817795,0.9615774187894243,0.9541767036034011,OK,
B,CatBoost,catboost,8,"{'depth': 8, 'learning_rate': 0.1, 'iterations': 400}",0.9656453110492108,0.34560853017228854,0.9689141513280155,0.9642183740899494,OK,
B,Logistic Regression,logistic,0,{'C': 0.01},0.9610027855153204,0.25362407445146384,0.9591039575661623,0.7613747494484167,OK,
B,Logistic Regression,logistic,1,{'C': 0.1},0.9647168059424327,0.31047346679377186,0.964363077066514,0.7582544571443753,OK,
B,Logistic Regression,logistic,2,{'C': 1.0},0.957288765088208,0.27922260068122623,0.960127114600152,0.7177460283963821,OK,
B,Logistic Regression,logistic,3,{'C': 10.0},0.958217270194986,0.2756041901062939,0.960970296017392,0.7083474916394341,OK,
