kind,group_from,group_to,value
transition_prob,1,1.0,0.9975478681348902
transition_prob,1,2.0,0.0024521318651098303
transition_prob,1,3.0,0.0
transition_prob,1,4.0,0.0
transition_prob,1,5.0,0.0
transition_prob,2,1.0,0.02527018436109345
transition_prob,2,2.0,0.9731404958677686
transition_prob,2,3.0,0.001589319771137953
transition_prob,2,4.0,0.0
transition_prob,2,5.0,0.0
transition_prob,3,1.0,0.0050200803212851405
transition_prob,3,2.0,0.0
transition_prob,3,3.0,0.9849397590361446
transition_prob,3,4.0,0.010040160642570281
transition_prob,3,5.0,0.0
transition_prob,4,1.0,0.0
transition_prob,4,2.0,0.0
transition_prob,4,3.0,0.0
transition_prob,4,4.0,0.978502080443828
transition_prob,4,5.0,0.021497919556171984
transition_prob,5,1.0,0.0006740815638692282
transition_prob,5,2.0,0.0
transition_prob,5,3.0,0.0
transition_prob,5,4.0,0.0
transition_prob,5,5.0,0.9993259184361307
exclusion_rate,1,,0.018047819971870604
exclusion_rate,2,,0.004587881664293625
exclusion_rate,3,,0.002004008016032064
exclusion_rate,4,,0.0027662517289073307
exclusion_rate,5,,0.003359086328518643
param,random_state,,42.0
