model,model_key,strategy,n_splits,n_repeats,pr_auc_mean,pr_auc_std,roc_auc_mean,roc_auc_std,precision_pos_mean,precision_pos_std,recall_pos_mean,recall_pos_std,f1_pos_mean,f1_pos_std,f1_macro_mean,f1_macro_std,f1_weighted_mean,f1_weighted_std
XGBoost,xgboost,none,5,10,0.18059384232535283,0.04908747750554143,0.8457881744360336,0.02684466445953228,0.8865844155844155,0.1205350680933448,0.10981132075471697,0.03825024829478623,0.19324247796566701,0.062301051688911833,0.5960145752131217,0.031176269149078405,0.9966297193705976,0.00021903129492188258
LightGBM,lightgbm,custom,5,10,0.1760909538137789,0.048785364199096695,0.839945245211393,0.030503363454026235,0.7533370518370518,0.1453559397146649,0.1249056603773585,0.04327635752778201,0.21166806194323118,0.06732039155386206,0.6052194896662662,0.033688272222676945,0.9966633427950488,0.00023908229506172302
XGBoost,xgboost,custom,5,10,0.1709651949594237,0.04737725026254313,0.8457395628515348,0.028546191109999758,0.7442144522144521,0.16119570379448123,0.11962264150943396,0.043896432454230146,0.20364551190411773,0.06811497965456774,0.6012046772451378,0.034088142367704174,0.9966348056499226,0.0002457207341105128
Random Forest,random_forest,none,5,10,0.16791042443126092,0.0485223723299651,0.8497317216451257,0.02558521664328367,0.58,0.49856938190329,0.015849056603773587,0.015418166734312767,0.030760942760942756,0.029759726381620902,0.5147207756418228,0.014890179918877786,0.9960888752208319,0.00010024772115927725
LightGBM,lightgbm,none,5,10,0.16341398012119945,0.04691920329870629,0.8267641079902383,0.026694372828885815,0.7129316239316238,0.16127115994252464,0.11584905660377359,0.04016262955981431,0.19683277091886645,0.06317751603485157,0.5977909664363521,0.0316155072731922,0.9966019222414834,0.00022575506435426487
Random Forest,random_forest,custom,5,10,0.15959106406533624,0.04795572401644237,0.8441574566546239,0.029324607078135858,0.9567619047619047,0.10022345342950108,0.08943396226415094,0.03652465159318273,0.16155225486921984,0.061587179946561724,0.5801626581072711,0.030818780507462045,0.9965312898737205,0.00021558648922786686
XGBoost,xgboost,class_weight,5,10,0.15412142173825022,0.04426817748587527,0.8264733286773123,0.0247658565808187,0.07373637823975718,0.01319771665368097,0.2652830188679245,0.04902549293411276,0.11525668509905765,0.020409152275313244,0.5548821574854389,0.010284361112653266,0.9921533179938516,0.00043298579296642016
LightGBM,lightgbm,class_weight,5,10,0.14964308269855986,0.04572413213410696,0.8232581762260803,0.02634802435573314,0.07458948045852337,0.01536463767389279,0.25999999999999995,0.05593105574787671,0.1157312884230053,0.023600596648090465,0.5551900078880455,0.011871296378955813,0.9922953085104751,0.00046809197798150536
Random Forest,random_forest,class_weight,5,10,0.13075620459766044,0.04344917635593713,0.828336703264299,0.02399170462958557,0.06617923845534639,0.014941414106553683,0.23773584905660378,0.04806618463646093,0.1032577044323216,0.02201710598688509,0.5488314107606814,0.011144940570952456,0.9920189509578718,0.0006181669170198139
CatBoost,catboost,none,5,10,0.1276826421917587,0.04390781926528316,0.8307423863797703,0.026886756190796078,0.8656428571428572,0.27165182816141736,0.05547169811320754,0.02624678210669507,0.10320883683885959,0.04719925102369269,0.5509661832514482,0.023616925981694226,0.9963256696947711,0.00016251633156857574
CatBoost,catboost,class_weight,5,10,0.1192599973836462,0.044339106135250494,0.8215524768826015,0.027832677984371283,0.025429939808830106,0.003758890810383988,0.4056603773584906,0.0635855855098946,0.04785069940375609,0.007070662063966956,0.5128672736929515,0.0036690152146386483,0.975393560242651,0.001287706179144644
Decision Tree,decision_tree,custom,5,10,0.08054476479751312,0.04093211237388056,0.6878862794958782,0.04512766741732547,0.20470253125137916,0.08500304248808296,0.10113207547169813,0.04787838988932511,0.13247402669977912,0.05572353088181705,0.5653660277534666,0.027881676445949785,0.9959397760146316,0.00025600438347437286
Decision Tree,decision_tree,none,5,10,0.07536205088137267,0.03548944367512503,0.655982846531215,0.043332011297223985,0.6713412698412697,0.2638028092237633,0.06150943396226415,0.0357201337835213,0.11117217144811935,0.06186601677103219,0.55493948137866,0.03095743119417269,0.9963302983922805,0.00021668115561441194
Decision Tree,decision_tree,class_weight,5,10,0.017485972133138416,0.008947984836800487,0.6641483160920655,0.040339336627005284,0.009455363404799366,0.0015729682977269211,0.4418867924528302,0.07353008828709882,0.01850349731842626,0.003047721729026392,0.47511538094099776,0.007554580857546195,0.929281986201987,0.01329886906376544
Logistic Regression,logistic,none,5,10,0.004992773963754472,0.0007934553104073688,0.6208261929456593,0.033209277076099934,0.0,0.0,0.0,0.0,0.0,0.0,0.4993291877049272,3.580175919030179e-06,0.9959843346123145,7.133999723749855e-06
Logistic Regression,logistic,custom,5,10,0.004983998067916204,0.0008587543862331155,0.6198594044438245,0.03611759219100553,0.0,0.0,0.0,0.0,0.0,0.0,0.4993286811202591,5.0111183326014995e-06,0.9959833241558192,9.984694246466704e-06
Logistic Regression,logistic,class_weight,5,10,0.0047669936789942816,0.000793362497703949,0.6245307528696269,0.035636460084308284,0.004283720144852019,0.00047460399005633724,0.5328301886792453,0.06867340566811506,0.008498883318235815,0.0009418577176525289,0.4042113546328968,0.0070487901558108565,0.7978046801310242,0.014083732492453005
