pr_auc,roc_auc,precision_pos,recall_pos,f1_pos,f1_macro,f1_weighted,repeat,n_pos_test,model,model_key,strategy
0.007681091133037643,0.5731504211505168,0.0,0.0,0.0,0.4993527425946138,0.9961231499760532,0,51,CatBoost,catboost,none
0.00685384148421736,0.6099321953149683,0.0,0.0,0.0,0.4993527425946138,0.9961231499760532,1,51,CatBoost,catboost,none
0.006731790084877025,0.5298051506240811,0.0,0.0,0.0,0.4993400345212712,0.9960471668122537,2,52,CatBoost,catboost,none
0.009370773512745578,0.4945793709137548,0.0,0.0,0.0,0.4993400345212712,0.9960471668122537,3,52,CatBoost,catboost,none
0.004302793473603894,0.5471404104232489,0.0,0.0,0.0,0.4993400345212712,0.9960471668122537,4,52,CatBoost,catboost,none
0.011826975452092103,0.6098200679143208,0.0,0.0,0.0,0.4993527425946138,0.9961231499760532,5,51,CatBoost,catboost,none
0.0054398914001661395,0.5470312152716523,0.0,0.0,0.0,0.4993527425946138,0.9961231499760532,6,51,CatBoost,catboost,none
0.005435855128903399,0.5874471134294741,0.0,0.0,0.0,0.4993400345212712,0.9960471668122537,7,52,CatBoost,catboost,none
0.004034558852682866,0.5078239864547816,0.0,0.0,0.0,0.4993400345212712,0.9960471668122537,8,52,CatBoost,catboost,none
0.004492593844448656,0.4814916554571902,0.0,0.0,0.0,0.4993400345212712,0.9960471668122537,9,52,CatBoost,catboost,none
0.004377810382051578,0.5259682076459924,0.0,0.0,0.0,0.4993527425946138,0.9961231499760532,10,51,CatBoost,catboost,none
0.013542845344314434,0.5745657181186916,0.0,0.0,0.0,0.4993527425946138,0.9961231499760532,11,51,CatBoost,catboost,none
0.007275498442629906,0.5526641732098727,0.0,0.0,0.0,0.4993400345212712,0.9960471668122537,12,52,CatBoost,catboost,none
0.005880561779337398,0.5505457776769794,0.0,0.0,0.0,0.4993400345212712,0.9960471668122537,13,52,CatBoost,catboost,none
0.0033014267766255743,0.5304918939844214,0.0,0.0,0.0,0.4993400345212712,0.9960471668122537,14,52,CatBoost,catboost,none
0.006708615846949,0.5203115048693192,0.0,0.0,0.0,0.4993527425946138,0.9961231499760532,15,51,CatBoost,catboost,none
0.004572619137896092,0.5528932357775114,0.0,0.0,0.0,0.4993527425946138,0.9961231499760532,16,51,CatBoost,catboost,none
0.004456921119852875,0.5987610269965902,0.0,0.0,0.0,0.4993400345212712,0.9960471668122537,17,52,CatBoost,catboost,none
0.004627287254201732,0.5222060054118309,0.0,0.0,0.0,0.4993400345212712,0.9960471668122537,18,52,CatBoost,catboost,none
0.005499831972030335,0.5472337684174304,0.0,0.0,0.0,0.4993400345212712,0.9960471668122537,19,52,CatBoost,catboost,none
0.008387733516672281,0.645089866374039,0.0,0.0,0.0,0.4993527425946138,0.9961231499760532,20,51,CatBoost,catboost,none
0.005024316014799222,0.5248833127517261,0.0,0.0,0.0,0.4993527425946138,0.9961231499760532,21,51,CatBoost,catboost,none
0.004274484618333105,0.5566389753495793,0.0,0.0,0.0,0.4993400345212712,0.9960471668122537,22,52,CatBoost,catboost,none
0.0055663367907727,0.5817860019707823,0.0,0.0,0.0,0.4993400345212712,0.9960471668122537,23,52,CatBoost,catboost,none
0.00947017101935717,0.5310398223167642,0.0,0.0,0.0,0.4993400345212712,0.9960471668122537,24,52,CatBoost,catboost,none
0.005399286896776229,0.5739672069712346,0.0,0.0,0.0,0.4993527425946138,0.9961231499760532,25,51,CatBoost,catboost,none
0.0042254841898639005,0.49940896401258617,0.0,0.0,0.0,0.4993527425946138,0.9961231499760532,26,51,CatBoost,catboost,none
0.006725863280705235,0.5893426228610754,0.0,0.0,0.0,0.4993400345212712,0.9960471668122537,27,52,CatBoost,catboost,none
0.00608377097375477,0.5214923788594488,0.0,0.0,0.0,0.4993400345212712,0.9960471668122537,28,52,CatBoost,catboost,none
0.003994816985352585,0.523168912472237,0.0,0.0,0.0,0.4993400345212712,0.9960471668122537,29,52,CatBoost,catboost,none
0.0039266001654498775,0.5007609712923954,0.0,0.0,0.0,0.4993527425946138,0.9961231499760532,30,51,CatBoost,catboost,none
0.011205824989577317,0.6789179556334302,0.0,0.0,0.0,0.4993527425946138,0.9961231499760532,31,51,CatBoost,catboost,none
0.004402566929567763,0.5413649232020521,0.0,0.0,0.0,0.4993400345212712,0.9960471668122537,32,52,CatBoost,catboost,none
0.0034049325297867677,0.5213589404698595,0.0,0.0,0.0,0.4993400345212712,0.9960471668122537,33,52,CatBoost,catboost,none
0.006253147204044722,0.5381213438858823,0.0,0.0,0.0,0.4993400345212712,0.9960471668122537,34,52,CatBoost,catboost,none
0.0033099242152054833,0.5172282505235104,0.0,0.0,0.0,0.4993527425946138,0.9961231499760532,35,51,CatBoost,catboost,none
0.005382665129835091,0.554604050739393,0.0,0.0,0.0,0.4993527425946138,0.9961231499760532,36,51,CatBoost,catboost,none
0.003898786776962991,0.5223110942534489,0.0,0.0,0.0,0.4993400345212712,0.9960471668122537,37,52,CatBoost,catboost,none
0.007075711857668053,0.5284976499202303,0.0,0.0,0.0,0.4993400345212712,0.9960471668122537,38,52,CatBoost,catboost,none
0.011053174890472878,0.610704984828104,0.0,0.0,0.0,0.4993400345212712,0.9960471668122537,39,52,CatBoost,catboost,none
0.004184418307587569,0.5711994043792477,0.0,0.0,0.0,0.4993527425946138,0.9961231499760532,40,51,CatBoost,catboost,none
0.00894322205396372,0.5238248300896122,0.0,0.0,0.0,0.4993527425946138,0.9961231499760532,41,51,CatBoost,catboost,none
0.0037626267155574005,0.5573350056308068,0.0,0.0,0.0,0.4993400345212712,0.9960471668122537,42,52,CatBoost,catboost,none
0.005832207652783861,0.5849694606938405,0.0,0.0,0.0,0.4993400345212712,0.9960471668122537,43,52,CatBoost,catboost,none
0.006522928618074748,0.5299635170644728,0.0,0.0,0.0,0.4993400345212712,0.9960471668122537,44,52,CatBoost,catboost,none
0.004061520917185622,0.5377689936341536,0.0,0.0,0.0,0.4993527425946138,0.9961231499760532,45,51,CatBoost,catboost,none
0.00406507979481519,0.5037126628214443,0.0,0.0,0.0,0.4993527425946138,0.9961231499760532,46,51,CatBoost,catboost,none
0.006386211052072393,0.5683434283792661,0.0,0.0,0.0,0.4993400345212712,0.9960471668122537,47,52,CatBoost,catboost,none
0.005671223817001936,0.6274018910126068,0.0,0.0,0.0,0.4993400345212712,0.9960471668122537,48,52,CatBoost,catboost,none
0.005835703128582401,0.5738579042450027,0.0,0.0,0.0,0.4993400345212712,0.9960471668122537,49,52,CatBoost,catboost,none
0.02245151753817799,0.5147529758612133,0.002631578947368421,0.13725490196078433,0.005164146071560309,0.46587521074435734,0.9242037704183393,0,51,CatBoost,catboost,class_weight
0.004534068058663644,0.5352498646996032,0.005567928730512249,0.29411764705882354,0.01092896174863388,0.46847840344195446,0.9236616900423568,1,51,CatBoost,catboost,class_weight
0.005109662504907671,0.5262062243876497,0.0032954961552544857,0.17307692307692307,0.0064678404599353215,0.4655276608545415,0.9221669670876673,2,52,CatBoost,catboost,class_weight
0.004978565096294191,0.501618368160916,0.002365930599369085,0.11538461538461539,0.00463678516228748,0.46737536490887027,0.9276740332635627,3,52,CatBoost,catboost,class_weight
0.002371113687441561,0.449272882973066,0.0008156606851549756,0.038461538461538464,0.001597444089456869,0.4669637285410472,0.9298762463335944,4,52,CatBoost,catboost,class_weight
0.0037872958464379635,0.5290968112960631,0.0017661603673613563,0.09803921568627451,0.0034698126301179735,0.46246345195855293,0.9190834677212051,5,51,CatBoost,catboost,class_weight
0.004547583632407739,0.49061717911380487,0.003091721058055651,0.17647058823529413,0.006076975016880486,0.46269424588151487,0.9169501822486744,6,51,CatBoost,catboost,class_weight
0.0031937330936003456,0.5132622118121813,0.0028536485935589076,0.1346153846153846,0.005588822355289421,0.46908031107749043,0.9301279184963499,7,52,CatBoost,catboost,class_weight
0.0032872194338999846,0.4439808044233115,0.0012610340479192938,0.057692307692307696,0.0024681201151789387,0.46847883948325875,0.9320323942389738,8,52,CatBoost,catboost,class_weight
0.003888341325137567,0.5279668290737323,0.0030698388334612432,0.15384615384615385,0.006019563581640331,0.46710328546029556,0.9257558216222919,9,52,CatBoost,catboost,class_weight
0.0036074917985694666,0.5113173923053693,0.0036991368680641184,0.17647058823529413,0.007246376811594203,0.47026640883648646,0.9308919953499947,10,51,CatBoost,catboost,class_weight
0.02289760794244693,0.5357990397907753,0.003849114703618168,0.19607843137254902,0.007550018875047188,0.4680539300603666,0.9261764075131317,11,51,CatBoost,catboost,class_weight
0.005118135289229028,0.5332603739794163,0.003787878787878788,0.21153846153846154,0.007442489851150203,0.4635206530150194,0.9171940235927475,12,52,CatBoost,catboost,class_weight
0.003020335985158954,0.5075659078111804,0.002529815684857246,0.1346153846153846,0.004966300106420717,0.46419381646506985,0.920999934440972,13,52,CatBoost,catboost,class_weight
0.0025531531061789444,0.46835359511371105,0.0012427506213753107,0.057692307692307696,0.0024330900243309003,0.4679571215088395,0.9310265545714058,14,52,CatBoost,catboost,class_weight
0.007342919978383313,0.4929030830550083,0.002294455066921606,0.11764705882352941,0.00450112528132033,0.46617313346334516,0.9254576672570833,15,51,CatBoost,catboost,class_weight
0.0027465164244602006,0.4938932925887277,0.0026985350809560524,0.13725490196078433,0.005293005671077505,0.4669021341699408,0.9261241134542998,16,51,CatBoost,catboost,class_weight
0.002929181716039118,0.5372092704977007,0.002669717772692601,0.1346153846153846,0.005235602094240838,0.4664509440285747,0.9252344062447392,17,52,CatBoost,catboost,class_weight
0.003677588801226778,0.4731016556136015,0.003432494279176201,0.17307692307692307,0.006731488406881077,0.46725327343605055,0.9253468357090331,18,52,CatBoost,catboost,class_weight
0.009819322642530175,0.5175713431038258,0.004106776180698152,0.19230769230769232,0.008041817450743867,0.47064789392598877,0.9308147576678415,19,52,CatBoost,catboost,class_weight
0.004250644339337148,0.5082944375839087,0.003654970760233918,0.19607843137254902,0.007176175098672408,0.46585043718518904,0.9221527273221607,20,51,CatBoost,catboost,class_weight
0.016872042589521883,0.4932838178732074,0.002451982018798529,0.11764705882352941,0.004803843074459567,0.4687618674100309,0.9303205955337674,21,51,CatBoost,catboost,class_weight
0.002742133534629361,0.4980717419526387,0.002911208151382824,0.15384615384615385,0.005714285714285714,0.4648741697071756,0.921613011926832,22,52,CatBoost,catboost,class_weight
0.0027314326065888232,0.49192917696374383,0.0021249468763280916,0.09615384615384616,0.004158004158004158,0.4697517067735463,0.9328904436077046,23,52,CatBoost,catboost,class_weight
0.004624830238349904,0.4850319274564394,0.0029106029106029108,0.1346153846153846,0.005698005698005698,0.46982745706759654,0.9315096633072727,24,52,CatBoost,catboost,class_weight
0.007244952587774487,0.5130919952996194,0.0027944111776447107,0.13725490196078433,0.005477308294209703,0.46828674045307905,0.9287028161893058,25,51,CatBoost,catboost,class_weight
0.0031222362137851845,0.5074612064110959,0.0034220532319391636,0.17647058823529413,0.006713912719134651,0.4671424161468766,0.9251898758030901,26,51,CatBoost,catboost,class_weight
0.0033863618656864536,0.5325716754778366,0.002663622526636225,0.1346153846153846,0.0052238805970149255,0.46635758868841176,0.9250598474976394,27,52,CatBoost,catboost,class_weight
0.002853599995602695,0.43421340757656335,0.0020325203252032522,0.09615384615384616,0.003980891719745223,0.46812105014837163,0.9298139069912864,28,52,CatBoost,catboost,class_weight
0.0032612032924153513,0.5194028216598366,0.003850596842510589,0.19230769230769232,0.007550018875047188,0.4680539300603666,0.9261297127340621,29,52,CatBoost,catboost,class_weight
0.003260239793252276,0.4872872444865711,0.002460456942003515,0.13725490196078433,0.004834254143646409,0.46299383970040714,0.9187841148877304,30,51,CatBoost,catboost,class_weight
0.005621334382532551,0.5653842282096593,0.004758128469468675,0.23529411764705882,0.009327633113097552,0.470101104692142,0.9284917485434909,31,51,CatBoost,catboost,class_weight
0.0036093134475209416,0.5021956236118498,0.0027226760015558148,0.1346153846153846,0.00533739992375143,0.46724439582066735,0.9267158650711991,32,52,CatBoost,catboost,class_weight
0.0028565304678812194,0.5073083179528889,0.0032620514679231605,0.17307692307692307,0.0064034151547491995,0.4650845036578397,0.9213470749633882,33,52,CatBoost,catboost,class_weight
0.018122135885241572,0.47845238840053805,0.0022935779816513763,0.11538461538461539,0.004497751124437781,0.4661422958993586,0.9253526978707614,34,52,CatBoost,catboost,class_weight
0.003626813408384645,0.4069257856144034,0.002834008097165992,0.13725490196078433,0.005553351844506148,0.46883132428253144,0.9297135173051909,35,51,CatBoost,catboost,class_weight
0.005162964344522597,0.5354118265005388,0.0026656511805026656,0.13725490196078433,0.005229734777736272,0.4664042666437157,0.9251938967529353,36,51,CatBoost,catboost,class_weight
0.0030409152388854513,0.515703694434886,0.002506265664160401,0.11538461538461539,0.004905968928863451,0.4695628704165424,0.9317697456542356,37,52,CatBoost,catboost,class_weight
0.005045243557683552,0.45726501157443616,0.0030959752321981426,0.1346153846153846,0.0060527453523562475,0.4720717476593476,0.9356335416799909,38,52,CatBoost,catboost,class_weight
0.004436162684934453,0.5307353090687271,0.0032131381649410924,0.17307692307692307,0.006309148264984227,0.46441977429644893,0.920114891044438,39,52,CatBoost,catboost,class_weight
0.0032711752247012353,0.4735972363834976,0.0030245746691871457,0.1568627450980392,0.005934718100890208,0.46650675826681426,0.9246970123803694,40,51,CatBoost,catboost,class_weight
0.005109229585781021,0.4802112579897002,0.0019425019425019425,0.09803921568627451,0.0038095238095238095,0.4663970629122844,0.9265923930823496,41,51,CatBoost,catboost,class_weight
0.0029714173725976446,0.511549996871774,0.002717391304347826,0.1346153846153846,0.00532724505327245,0.467166610033426,0.9265708049690685,42,52,CatBoost,catboost,class_weight
0.003740521783540165,0.5305984491819689,0.003616636528028933,0.19230769230769232,0.007099751508697196,0.46537182983695624,0.921227547581858,43,52,CatBoost,catboost,class_weight
0.006364611261918722,0.49819687099196047,0.0034403669724770644,0.17307692307692307,0.006746626686656672,0.4673482997489836,0.9255213288243666,44,52,CatBoost,catboost,class_weight
0.002845280195360835,0.4387899011584505,0.0022010271460014674,0.11764705882352941,0.004321209938782859,0.4644605149800265,0.9222202718001078,45,51,CatBoost,catboost,class_weight
0.002337313748122023,0.44275871279737433,0.0025983667409057165,0.13725490196078433,0.005100182149362477,0.4653460478084632,0.9232118141825696,46,51,CatBoost,catboost,class_weight
0.008005627116821944,0.5330770794882222,0.0024330900243309003,0.1346153846153846,0.004779788323659952,0.4624791627617369,0.9177651963489943,47,52,CatBoost,catboost,class_weight
0.0034531885292602604,0.5393472174429881,0.0029239766081871343,0.1346153846153846,0.005723630417007359,0.4699987267268,0.9318258099552593,48,52,CatBoost,catboost,class_weight
0.0031624836264113497,0.5046141333249914,0.003429878048780488,0.17307692307692307,0.006726457399103139,0.46722159919884454,0.9252886587258637,49,52,CatBoost,catboost,class_weight
