model,strategy,pr_auc_pair1,pr_auc_pair1_std,pr_auc_pair2,pr_auc_pair2_std,delta_pr_auc,roc_auc_pair1,roc_auc_pair2
XGBoost,none,0.1805938423253528,0.0490874775055414,0.0052620044789081525,0.004856922643453337,-0.17533183784644465,0.8457881744360336,0.48895560266662963
LightGBM,custom,0.1760909538137789,0.0487853641990966,0.00441321214448784,0.0028876510288779263,-0.17167774166929106,0.839945245211393,0.4913302207721233
XGBoost,custom,0.1709651949594237,0.0473772502625431,0.004911461126369232,0.0030700639471228897,-0.16605373383305447,0.8457395628515348,0.4948582682732949
Random Forest,none,0.1679104244312609,0.0485223723299651,0.004229004085522902,0.0012001764575844266,-0.163681420345738,0.8497317216451257,0.4781058681189986
LightGBM,smote_class_weight,0.1658464465770756,0.0502336062419195,0.00565729379927073,0.005307139443395542,-0.16018915277780485,0.8303465266582645,0.486659847502037
LightGBM,none,0.1634139801211994,0.0469192032987062,0.003402828860056198,0.0017128051953411644,-0.1600111512611432,0.8267641079902383,0.4874392591943382
XGBoost,smote_class_weight,0.1611677325464009,0.0471753011441913,0.005717564025892341,0.0044199025127160995,-0.15545016852050855,0.8336093562472274,0.4893203742484229
Random Forest,custom,0.1595910640653362,0.0479557240164423,0.004854011169216691,0.0018215134980630301,-0.15473705289611953,0.8441574566546239,0.5092483934051134
XGBoost,class_weight,0.1541214217382502,0.0442681774858752,0.00442462267100205,0.003953761469484795,-0.14969679906724814,0.8264733286773123,0.48051211303760205
LightGBM,class_weight,0.1496430826985598,0.0457241321341069,0.0042057558814933334,0.004545849280791114,-0.14543732681706648,0.8232581762260803,0.48032713059887977
Random Forest,smote_class_weight,0.1364712148882977,0.0473038194549769,0.00588317031956018,0.003841368144483783,-0.13058804456873752,0.833374298833986,0.4921177548954121
Random Forest,class_weight,0.1307562045976604,0.0434491763559371,0.004683457455438666,0.0022249113140301604,-0.12607274714222175,0.828336703264299,0.47282009646431533
CatBoost,none,0.1276826421917587,0.0439078192652831,0.006014886469104931,0.0023430285381050215,-0.12166775572265377,0.8307423863797703,0.5520585645140172
CatBoost,class_weight,0.1192599973836462,0.0443391061352504,0.005379865856404747,0.0046982333790594735,-0.11388013152724145,0.8215524768826015,0.5005152319880235
Decision Tree,custom,0.0805447647975131,0.0409321123738805,0.004035683526992564,0.0016904581960915806,-0.07650908127052054,0.6878862794958782,0.5025320326809155
Decision Tree,none,0.0753620508813726,0.035489443675125,0.003922756308126814,0.0017218535138749417,-0.07143929457324578,0.655982846531215,0.4734975789760598
Decision Tree,smote_class_weight,0.0228052670575684,0.0182450469604214,0.003681807410510447,0.00106292546355393,-0.01912345964705795,0.6860245083511076,0.5086398421782471
Decision Tree,class_weight,0.0174859721331384,0.0089479848368004,0.0034549669347369925,0.0006803847530882725,-0.014031005198401406,0.6641483160920655,0.49379499122879106
Logistic Regression,none,0.0049927739637544,0.0007934553104073,0.0027481365484117943,0.0003899771677345231,-0.0022446374153426056,0.6208261929456593,0.47827230448562325
Logistic Regression,custom,0.0049839980679162,0.0008587543862331,0.002763537876525586,0.00044638249214582024,-0.0022204601913906143,0.6198594044438245,0.48433371209322745
Logistic Regression,class_weight,0.0047669936789942,0.0007933624977039,0.0026402301377683878,0.0002907931484351916,-0.0021267635412258123,0.6245307528696269,0.4749003246585618
Logistic Regression,smote_class_weight,0.0047531096307328,0.0007970405071326,0.002706980750229537,0.0003612465465065701,-0.0020461288805032635,0.6257799419943488,0.48232341434285103
